flag,n_assessed_years,n_years,share_pct
very_low_pq_correlation,28668,12228,42.653830054416076
implausible_spike,28668,9130,31.847355936933166
low_pq_correlation,28668,5697,19.87233151946421
low_completeness,28668,2903,10.126273196595507
no_precip_response,28668,2245,7.831031114831868
low_clim_correlation,28668,1100,3.83703083577508
high_amplitude,28668,908,3.1672945444397933
very_low_completeness,28668,860,2.999860471605972
no_seasonal_signal,28668,722,2.5184875122087345
constant_value,28668,386,1.3464490023719826
very_low_clim_correlation,28668,381,1.3290079531184595
high_clim_nrmse,28668,240,0.8371703641691084
low_amplitude,28668,181,0.6313659829775359
low_flashiness,28668,123,0.42904981163666805
zero_flow_dominant,28668,2,0.0069764197014092364
