gauge_id,kg
10002,Dfc
10003,Dfc
10006,Dfc
10008,Dfc
1001,Dwc
10010,Dfc
10012,Dfc
10014,Dfc
10015,Dfc
10016,Dfc
10017,Dfc
10019,Dfc
10021,Dfc
10022,Dfc
10024,Dfc
10025,Dfc
10026,Dfc
10028,Dfc
10030,Dfc
10031,Dfb
10032,Dfc
10033,Dfc
10034,Dfc
10035,Dfc
10036,Dfc
10037,Dfc
10041,Dfc
10042,Dfc
10044,Dfc
10048,Dfc
1005,Dwc
10058,Dfc
10059,Dfc
10060,Dfc
10062,Dfc
10066,Dfc
10067,Dfc
10069,Dfc
10071,Dfc
10073,Dfc
10075,Dfc
10078,Dfc
10079,ET
1010,Dwc
10100,Dfc
10103,Dfc
10108,Dfc
10110,Dfb
10111,Dfb
10112,Dfb
10117,Dfc
1012,Dfc
10120,Dfc
10122,Dfc
10126,Dfc
10127,Dfc
10130,Dfc
10132,Dfc
10133,Dfc
10134,Dfc
10137,Dfb
10138,Dfb
10139,Dfb
10144,Dfb
10148,Dfb
1015,Dfc
10150,Dfb
10151,Dfb
10153,Dfb
1016,Dfc
10168,Dfb
10172,Dfb
10174,Dfb
10175,Dfb
10176,Dfb
10177,Dfb
1018,Dfc
10184,Dfb
10187,Dfb
10188,Dfb
10194,Dfb
10198,Dfb
10202,Dfb
10204,Dfb
10205,Dfb
10208,Dfb
10209,Dfb
10211,Dfb
10215,Dfb
10216,Dfb
10218,Dfb
10219,Dfb
10220,Dfb
10221,Dfb
10223,Dfb
10225,Dfb
10228,Dfc
10231,Dfb
10232,Dfc
10233,Dfc
10234,Dfc
10240,Dfc
10244,Dfc
10246,Dfc
10248,Dfc
10251,Dfc
10252,Dfc
10254,Dfc
10257,Dfc
10259,Dfc
10264,Dfc
10266,Dfc
10276,Dfc
10277,Dfb
10279,Dfb
10287,Dfb
10292,Dfc
10298,Dfb
10301,Dfc
10305,Dfc
10306,Dfb
10308,Dfb
10310,Dfb
10315,Dfc
10317,Dfc
10319,Dfc
10321,Dfc
10322,Dfc
10323,Dfc
10324,Dfc
10325,Dfc
10328,Dfc
10329,Dfc
10331,Dfc
10332,Dfc
10338,Dfc
10341,Dfc
10342,Dfc
10343,Dfc
10349,Dfc
10357,Dfc
10369,Dfc
1037,Dwc
10378,Dfc
10379,Dfc
10380,Dfc
10384,Dfc
10385,Dfc
10387,Dfc
10392,Dfc
10394,Dfc
10396,Dfc
10400,Dfc
10402,Dfc
10404,Dfc
10407,Dfc
10411,Dfc
10413,Dfc
10414,Dfc
10416,Dfc
10418,Dfc
10423,Dfc
10424,Dfc
10426,Dfc
10428,Dfc
10429,Dfc
10430,Dfc
10432,Dfc
10436,Dfc
10441,Dfc
10444,Dfb
10445,Dfc
10449,Dfc
10451,Dfc
10452,Dfc
10453,Dfc
10455,Dfc
10460,Dfc
10461,Dfc
10464,Dfc
10466,Dfc
10468,Dfc
10473,Dfc
10475,Dfc
10476,Dfc
10478,Dfc
10479,Dfc
10483,Dfc
10488,Dfc
10489,Dfc
10493,Dfc
10497,Dfc
1050,Dwc
10501,Dfc
10503,Dfc
10504,Dfc
10505,Dfc
10507,Dfc
10509,Dfc
10511,Dfc
10519,Dfb
10524,Dfb
1053,Dwc
10532,Dfb
10539,Dfb
10548,Dfb
10549,Dfb
10554,Dfb
10556,Dfb
10557,Dfb
10560,Dfb
10561,Dfc
10565,Dfb
10566,Dfc
10567,Dfb
10570,Dfc
10571,Dfc
10573,Dfc
10579,Dfc
10582,Dfc
10583,Dfc
10584,Dfc
10585,Dfb
10586,Dfc
10587,Dfc
10588,Dfc
10589,Dfc
10591,Dfc
10594,Dfc
10595,Dfb
10599,Dfc
10608,Dfc
10615,Dfc
10620,Dfc
10623,Dfc
10625,Dfb
10632,Dfb
10641,Dfc
10644,Dfb
10645,Dfc
10651,Dfc
10653,Dfb
10660,Dfb
10677,Dfc
10678,Dfc
10683,Dfc
10686,Dfb
10688,Dfc
10693,Dfc
10694,Dfc
10697,Dfc
10698,Dfc
10701,Dfc
10704,Dfc
10705,Dfb
10711,Dfc
10713,Dfc
10714,Dfc
10715,Dfc
1081,Dwc
1095,Dwc
1101,Dwc
1102,Dwc
1103,Dwc
1104,Dwc
11043,Dfb
11045,Dfb
11048,Dfb
1105,Dwc
11050,Dfb
11051,Dfb
11053,Dfb
11054,Dfb
11055,Dfb
11056,Dfb
11057,Dfb
11058,Dfb
11059,Dfb
11061,Dfb
1107,Dwc
1109,Dwc
1127,Dwc
11306,Dfb
11308,Dfb
11309,Dfb
11312,Dfb
11313,Dfb
11315,Dfb
11327,Dfb
11332,Dfb
11334,Dfb
11335,Dfb
11337,Dfb
11345,Dfb
11350,Dfb
11351,Dfb
11352,Dfb
11353,Dfb
11357,Dfb
11358,Dfb
11364,Dfb
11365,Dfb
11368,Dfb
11369,Dfb
11370,Dfb
11372,Dfb
11374,Dfb
11379,Dfb
11381,Dfb
11384,Dfb
11385,Dfc
11386,Dfc
11390,Dfc
11411,Dfb
11412,Dfb
11413,Dfb
11414,Dfb
11415,Dfb
1144,Dwc
11468,Dfb
11473,Dfb
11474,Dfb
11487,Dfb
11490,Dfb
11491,Dfb
11493,Dfb
11496,Dfb
11499,Dfb
11500,Dfb
11502,Dfb
1151,Dwc
1152,Dwc
11520,Dfc
11521,Dfc
11523,Dfc
11524,Dfc
11526,Dfc
11527,Dfc
11534,Dfc
11535,Dfc
11536,Dfc
11538,Dfc
11539,Dfc
11542,Dfc
11544,Dfc
11545,Dfc
11547,Dfc
11548,Dfc
11551,Dfc
11555,Dfc
11556,Dfc
11558,Dfc
11563,Dfc
11564,Dfc
11568,Dfc
11571,Dfc
11574,Dfc
11575,Dfc
11579,Dfc
11582,Dfc
11584,Dfb
11586,Dfb
11590,Dfc
11592,Dfb
11612,Dfc
11619,Dfb
11620,Dfb
11622,Dfc
11623,Dfb
11626,Dfc
11628,Dfc
11633,Dfc
11634,Dfb
11636,Dfc
11637,Dfb
11639,Dfc
11641,Dfb
11674,Dfb
11675,Dfc
11676,Dfb
1176,Dfc
11801,Dfc
11802,Dfc
11805,Dfc
11806,Dfc
11807,Dfc
11808,Dfc
11810,Dfc
11813,Dfc
11818,Dfc
11861,Dfc
12010,Dfb
12014,Dfb
12017,Dfb
12018,Dfb
12022,Dfb
12040,Dfb
12043,Dfb
12059,Dfb
12061,Dfb
12092,Dfb
12098,Dfb
12101,Dfb
12113,Dfb
12115,Dfb
12123,Dfb
12125,Dfb
12127,Dfb
12129,Dfb
12136,Dfb
12155,Dfb
12157,Dfc
1217,Dwc
12189,Dfb
12193,Dfb
12202,Dfb
12222,Dfb
12238,Dfb
12239,Dfb
12240,Dfb
12244,Dfb
12248,Dfb
12279,Dfb
1229,Dfc
12305,Dfb
12310,Dfb
12315,Dfb
12316,Dfb
12320,Dfb
12346,Dfb
12354,Dfb
12383,Dfb
12401,Dfb
12402,Dfb
12407,Dfb
12412,Dfc
12413,Dfc
12415,Dfc
12417,Dfc
12420,Dfc
12422,Dfc
12430,Dfc
12434,Dfc
12435,Dfc
12476,Dfc
12498,Dfc
12511,Dfb
12517,Dfc
12519,Dfc
12528,Dfb
12554,Dfb
12606,Dfb
12611,Dfc
12613,Dfb
12614,Dfb
12615,Dfb
12617,Dfb
12620,Dfb
12631,Dfb
12632,Dfb
12646,Dfc
12651,Dfb
12652,Dfb
12653,Dfb
12654,Dfc
1341,Dfc
1342,Dfc
1367,Dsc
1368,Dfc
1369,Dsc
1371,Dsc
1374,Dsc
1396,Dsc
1397,Dsc
1398,Dsc
1420,Dsc
1421,Dsc
1425,Dsc
1433,Dfc
1434,Dfc
1496,Dsc
1497,Dfc
1498,Dfc
1499,Dfc
1500,Dfc
1500056,Dfb
1500072,Dfb
1500099,Dfb
1500119,Dfb
1500127,Dfb
1500143,Dfb
1500151,Dfb
1500230,Dfb
1500257,Dfb
1500265,Dfb
1500273,Dfb
1500301,Dfb
1500328,Dfb
1500344,Dfb
1500352,Dfb
1500360,Dfb
1500379,Dfb
1500387,Dfb
1500395,Dfb
1500407,Dfb
1500667,Dfb
1500683,Dfb
1500703,Dfb
1500711,Dfb
1500746,Dfb
1500762,Dfb
1500770,Dfb
1500789,Dfb
1500797,Dfb
1500817,Dfb
1500833,Dfb
1502,Dfc
1504,Dfc
1507,Dfc
1508,Dsc
1527,Dwc
1529,Dfc
1534,Dfc
1538,Dfc
1551,Dfc
1556,Dwc
1563,Dfc
1566,Dfc
1569,Dwc
1570,Dwc
1575,Dwc
1576,Dfb
1578,Dfc
1587,Dfc
1588,Dwc
1589,Dsc
1593,Dfc
1596,Dsc
1600036,Dwc
1600044,Dwc
1600079,Dwc
1600229,Dwc
1600253,Dwc
1605,Dfc
1606,Dwc
1608,Dfc
1611,ET
1617,Dsc
1618,Dfc
1619,Dwc
1621,Dsc
1622,Dwc
1623,Dfc
1625,Dwc
1626,Dfc
1627,Dwc
1630,Dwc
1631,Dwc
1632,Dwc
1801,Dfc
1802,Dfc
1803,Dfc
1805,Dfc
19008,Dfa
19016,Dfa
19039,Dfb
19049,Dfb
19050,Dfb
19053,Dfb
19054,Dfb
19061,Dfb
19063,Dfa
19070,Dfa
19087,Dfb
19088,Dfb
19092,Dfb
19099,Dfb
19106,Dfb
19108,Dfb
19111,Dfb
19114,Dfb
19115,Dfb
19117,Dfb
19118,Dfa
19121,Dfa
19122,Dfb
19123,Dfb
19127,Dfa
19128,Dfa
19135,Dfa
19136,Dfa
19143,Dfa
19153,Dfb
19154,Dfb
19156,Dfb
19158,Dfb
19159,Dfb
19167,Dfb
19169,Dfa
19170,Dfb
19172,Dfb
19183,Dfb
19185,Dfb
19190,Dfa
19197,Dfa
19235,Dfa
19313,Dfb
19381,Dfa
19382,Dfb
19383,Dfb
2000073,Dfc
2000081,Dfc
2000128,Dfc
2000136,Dfc
2000152,Dfc
2000160,Dfc
2001,Dfc
2003,Dfc
2004,Dfc
2005,Dsc
2007,Dsc
2008,Dsc
2010,Dfc
2013,Dfc
2014,Dfc
2017,Dfc
2021,Dfc
2023,Dfc
2026,Dsc
2027,Dfc
2028,Dfc
2030,Dsc
2032,Dfc
2033,Dfc
2034,Dfc
2040,Dfc
2043,Dfc
2048,Dfc
2051,Dfc
2057,Dfc
2058,Dfc
2062,Dfc
2065,Dsc
2067,Dsc
2070,Dfc
2085,Dfc
2087,Dsc
2090,Dfc
2091,Dfc
2092,Dsc
2093,Dsc
2094,Dsc
2095,Dsc
2096,Dsc
2097,Dfc
2102,Dfc
2103,Dfc
2106,Dfc
2107,Dfc
2108,Dfc
2109,Dfc
2111,Dfc
2115,Dfc
2122,Dfc
2124,Dfc
2126,Dfc
2128,Dfc
2131,Dfc
2139,Dsc
2148,Dsc
2152,Dfc
2155,Dfc
2164,Dfb
2166,Dsc
2171,Dfc
2175,Dfc
2177,Dfc
2180,Dfc
2186,Dsc
2187,Dsc
2190,Dsc
2191,Dsc
2192,Dfc
2193,Dsc
2198,Dfc
2199,Dsc
2200321,Dwc
2200348,Dwc
2200356,Dwc
2200372,Dwc
2200400,Dwc
2200419,Dwc
2200451,Dwc
2200478,Dwc
2200506,Dwc
2200514,Dwc
2200522,Dwc
2200530,Dwc
2200549,Dwc
2200565,Dwc
2200581,Dwc
2200601,Dwc
2200628,Dfc
2200636,Dfc
2200652,Dfc
2200679,Dfc
2200707,Dwc
2202,Dsc
2203,Dfc
2206,Dsc
2208,Dsc
2211,Dsc
2212,Dsc
2215,Dfc
2216,Dsc
2217,Dsc
2218,Dsc
2219,Dsc
2220,Dsc
2221,Dsc
2222,Dsc
2223,Dfc
2224,Dfc
2226,Dfc
2227,Dsc
2229,Dfc
2231,Dsc
2240,Dsc
2241,Dsc
2242,Dsc
2243,Dfc
2250,Dfc
2251,Dfc
2252,Dfc
2253,Dfc
2254,Dfc
2255,Dfc
2258,Dfc
2260,Dfc
2269,Dfc
2270,Dfc
2271,Dsc
2272,Dsc
2275,Dfc
2276,Dfc
2277,Dfc
2279,Dsc
2281,Dfc
2600020,Dfc
2600221,Dfc
3001,Dfc
3003,Dwc
3004,Dwc
3005,Dwc
3007,Dfc
3008,Dfc
3010,Dfc
3012,Dfc
3014,Dfc
3015,Dfc
3017,Dfc
3019,Dfc
3021,Dfc
3024,Dfc
3027,Dfc
3028,Dfc
3029,Dfc
3030,Dfc
3031,Dfc
3032,Dfc
3034,Dfc
3035,Dfc
3036,Dfc
3037,Dfc
3038,Dfc
3041,Dfc
3042,Dfc
3045,Dfc
3047,Dfc
3048,Dfc
3050,Dfc
3051,Dfc
3052,Dfc
3056,Dfc
3057,Dwc
3059,Dwc
3065,Dwc
3068,Dwc
3071,Dfc
3073,Dfc
3074,Dfc
3076,Dfc
3079,Dfc
3083,Dfc
3084,Dfc
3085,Dfc
3086,Dfc
3087,Dfc
3088,Dfc
3089,Dfc
3095,Dwc
3096,Dwc
3099,Dwc
3100,Dwc
3100135,Dfc
3100143,Dfc
3100379,Dfc
3100387,Dfc
3100789,Dfc
3102,Dwc
3103,Dwc
3105,Dfc
3106,Dwc
3109,Dwc
3110,Dwc
3113,Dwc
3115,Dwc
3117,Dwc
3118,Dwc
3119,Dwc
3120,Dwc
3122,Dwc
3123,Dwc
3124,Dwc
3126,Dwc
3127,Dwc
3128,Dwc
3130,Dwc
3131,Dwc
3133,Dwc
3135,Dwc
3136,Dwc
3147,Dwc
3150,Dfc
3154,Dfc
3155,Dfc
3156,Dfc
3157,Dfc
3159,Dfc
3160,Dfc
3161,Dfc
3163,Dwc
3165,Dwc
3168,Dwc
3169,Dwc
3171,Dwc
3172,Dwc
3175,Dwc
3178,Dwc
3180,Dwc
3198,Dwc
3199,Dwc
3201,Dfc
3202,Dfc
3203,Dfc
3206,Dfc
3207,Dfc
3210,Dfc
3214,Dfc
3218,Dwc
3219,Dfc
3220,Dfc
3221,Dfc
3222,Dwc
3223,Dwc
3224,Dwc
3225,Dwc
3228,Dwc
3229,Dwc
3230,Dwc
3232,Dfc
3234,Dfc
3237,Dfc
3239,Dwc
3245,Dfc
3246,Dwc
3247,Dwc
3248,Dwc
3250,Dwc
3252,Dwc
3254,Dwc
3257,Dwc
3258,Dfc
3259,Dfc
3260,Dfc
3261,Dfc
3263,Dfc
3264,Dwc
3268,Dwc
3269,Dwc
3270,Dwc
3271,Dwc
3272,Dwc
3273,Dwc
3277,Dwc
3281,Dwc
3283,Dwd
3291,Dfc
3292,Dfc
3293,Dfc
3296,Dwc
3307,Dfc
3309,Dfc
3310,Dfc
3313,Dfc
3315,Dfc
3319,Dfc
3321,Dfc
3323,Dfc
3325,Dfc
3327,Dfc
3329,Dfc
3330,Dfc
3334,Dfc
3341,Dfc
3344,Dfc
3352,Dsc
3355,Dfc
3357,Dfc
3359,Dfc
3360,Dfc
3362,Dfc
3365,Dfc
3366,Dfc
3367,Dfc
3383,Dfc
3388,Dfc
3390,Dfc
3397,Dfc
3398,Dfc
3401,Dfc
3403,Dfc
3404,Dfc
3405,Dfc
3407,Dfc
3414,Dwc
3416,Dwc
3420,Dwc
3421,Dwd
3422,Dwc
3424,Dwd
3429,Dwc
3430,Dwc
3431,Dfd
3433,Dwd
3442,Dwc
3443,Dwc
3445,Dwc
3446,Dwc
3474,Dwc
3478,Dwd
3479,Dwd
3480,Dwd
3482,Dwc
3483,Dwc
3487,Dwc
3488,Dwc
3489,Dwc
3491,Dwc
3494,Dwc
3498,Dwc
3499,Dwc
3500027,Dfb
3500035,Dfb
3500043,Dfb
3500086,Dfb
3500106,Dfb
3500165,Dfb
3500244,Dfb
3500252,Dfb
3500279,Dfb
3500315,Dfb
3500331,Dfb
3500366,Dfb
3500390,Dfb
3500437,Dfb
3500445,Dfb
3500508,Dfb
3500567,Dfb
3500591,Dfb
3500603,Dfb
3500654,Dfb
3500709,Dfb
3500741,Dfb
3500776,Dfb
3500784,Dfb
3500792,Dfb
3500863,Dfb
3500918,Dfb
3500934,Dfb
3500950,Dfb
3501,Dwc
3501024,Dfa
3503,Dwc
3504,Dwd
3507,Dwc
3510,Dwd
3515,Dwd
3516,Dwd
3518,Dwc
3520,Dwc
3527,Dwc
3554,Dfc
3555,Dwc
3556,Dwc
3560,Dfc
3564,Dwc
3569,Dwc
3577,Dfc
3578,Dwc
3579,Dfc
3581,Dfc
3582,Dwc
3596,Dwc
3597,Dfc
3599,Dfc
3602,Dwc
3603,Dwc
3607,Dwc
3616,Dfc
3617,Dfc
3625,Dfc
3627,Dwc
3630,Dfc
3637,Dfc
3641,Dwc
3642,Dwc
3655,Dwc
3659,Dfc
3663,Dfc
3669,Dwc
3800172,Dfb
3800200,Dfb
3800227,Dfb
3800235,Dfb
3800243,Dfb
3801,Dfc
3802,Dfc
3809,Dfc
3810,ET
3811,Dfc
3812,Dfc
3814,Dfc
3816,Dfc
3821,Dfc
3824,Dfc
3825,ET
3831,ET
3841,ET
3846,ET
3851,Dwc
3861,Dwc
3864,Dfc
3865,ET
3871,Dwc
3872,Dwc
3875,Dwc
3881,Dsc
3882,Dsc
3900948,Dfb
3901089,Dfb
3901421,Dfb
3901448,Dfb
4000036,Dfa
4000052,Dfa
4000060,Dfa
4000079,Dfa
4000087,Dfa
4000095,Dfa
4000158,Dfa
4000174,Dfb
4000190,Dfb
4000332,Dfa
4000375,Dfb
4005,Dfc
4012,Dfb
4027,Dfb
4032,Dfb
4033,Dfb
4034,Dfb
4036,Dfb
4038,Dfb
4043,Dfb
4058,Dfc
4068,Dfb
4071,Dfb
4084,Dfb
4085,Dfb
4090,Dfb
4095,Dfb
41005,Dfb
4102,Dfb
4105,Dfb
4107,Dfc
4116,Dfb
4118,Dfb
4140,Dfb
4141,Dfb
4145,Dfb
4148,Dfb
4158,Dfb
4159,Dfb
4160,Dfb
4170,Dfb
4173,Dfb
4175,Dfb
4179,Dfb
4181,Dfb
4197,Dfc
4212,Dfc
4215,Dfc
4225,Dfb
4226,Dfb
4235,Dfb
4238,Dfb
4240,Dfc
4500070,Dfc
4500089,Dfc
4500097,Dfc
4500141,Dfc
4500176,Dfc
4500184,Dfb
4500212,Dfc
4500220,Dfc
4500239,Dfc
4500247,Dfc
4500255,Dfc
4500263,Dfb
4500271,Dfb
4500298,Dfb
4500318,Dfb
4800045,Dfb
4800096,Dfb
48002,Dfb
48006,Dfb
48011,Dfb
48021,Dfb
48028,Dfb
48029,Dfb
48030,Dfb
48038,Dfc
48043,Dfc
48054,Dfb
48055,Dfb
48056,Dfb
48058,Dfb
48061,Dfb
48063,Dfb
48069,Dfb
48071,Dfb
48075,Dfc
48079,Dfc
48080,Dfc
48085,Dfc
48087,Dfc
48088,Dfb
48089,Dfb
48090,Dfb
48091,Dfb
48097,Dfc
48099,Dfb
48110,Dfb
48123,Dfb
48126,Dfb
48127,Dfc
48132,Dfb
48134,Dfb
48135,Dfb
48136,Dfb
4900025,Dfb
4900076,Dfb
49001,Dfc
49008,Dfc
49013,Dfc
49014,Dfc
49017,Dfc
49025,Dfc
49026,Dfc
49030,Dfc
49031,Dfc
49033,Dfb
49036,Dfc
49041,Dfc
49042,Dfc
49047,Dfc
49048,Dfc
49052,Dfc
49053,Dfc
49054,Dfc
49055,Dfc
49058,Dfc
49059,Dfc
49070,Dfc
49083,Dfc
49090,Dfc
49093,Dfc
49094,Dfc
49095,Dfc
49099,Dfc
49103,Dfc
49110,Dfc
49114,Dfc
49116,Dfb
49120,Dfc
49123,Dfc
49125,Dfc
49126,Dfc
49127,Dfc
49128,Dfc
49129,Dfc
49130,Dfc
49135,Dfc
49149,Dfc
5001,Dwc
5002,Dwc
5004,Dwb
5008,Dwb
5009,Dwb
5012,Dwb
5013,Dwb
5016,Dwb
5019,Dwb
5020,Dwb
5024,Dwb
5026,Dwb
5029,Dwb
5031,Dfb
5033,Dwb
5036,Dwb
5044,Dwb
5052,Dwb
5055,Dwb
5059,Dwb
5063,Dwb
5072,Dwb
5074,Dwb
5081,Dwb
5082,Dwb
5085,Dwb
5092,Dwb
5094,Dwb
5100035,Dfc
5100043,Dfc
5100051,Dfc
5100086,Dfc
5100094,Dfc
5100201,Dwd
5105,Dwb
5108,Dwb
5110,Dwb
5111,Dwb
5112,Dwb
5113,Dwb
5115,Dwb
5116,Dwb
5117,Dwb
5120,Dwb
5122,Dwb
5128,Dwb
5132,Dwb
5135,Dwb
5148,Dwb
5151,Dwb
5155,Dwb
5160,Dwb
5166,Dwb
5167,Dwb
5171,Dwb
5182,Dwb
5190,Dwb
5199,Dwb
5200023,Dfb
5200058,Dfb
5200074,Dfb
5200082,Dfb
5200102,Dfb
5200145,Dfb
5200161,Dfb
5202,Dwb
5208,Dwb
5211,Dwb
5216,Dwb
5217,Dwb
5222,Dwb
5223,Dwb
5237,Dfb
5238,Dwb
5239,Dwb
5244,Dwb
5250,Dwb
5254,Dwb
5256,Dwb
5262,Dwb
5263,Dwb
5269,Dwb
5277,Dwb
5280,Dwb
5287,Dwb
5290,Dwb
5292,Dwb
5296,Dwb
5306,Dwb
5307,Dwb
5311,Dwb
5313,Dwb
5319,Dwb
5321,Dwb
5328,Dwb
5331,Dwb
5332,Dwb
5335,Dwb
5336,Dwb
5339,Dwb
5347,Dwb
5348,Dwc
5349,Dwb
5352,Dwb
5354,Dwb
5358,Dwb
5364,Dwc
5365,Dwc
5367,Dwc
5370,Dwb
5375,Dwc
5383,Dwb
5395,Dwb
5397,Dwc
5398,Dwb
5403,Dwb
5408,Dwb
5415,Dwb
5420,Dwb
5435,Dwb
5440,Dfb
5446,Dwc
5448,Dwc
5449,Dwc
5451,Dwb
5453,Dwc
5454,Dwc
5458,Dwc
5459,Dwc
5461,Dwb
5467,Dfb
5469,Dfb
5472,Dwc
5494,Dwb
5507,Dwb
5529,Dwb
5532,Dwb
5539,Dwb
5552,Dwb
5555,Dwb
5558,Dwb
5561,Dwb
5580,Dwb
5583,Dwb
5589,Dwb
5597,Dwb
5599,Dwb
5600,Dwb
5604,Dwb
5607,Dwb
5611,Dwb
5612,Dwb
5613,Dwb
5635,Dwb
5642,Dwb
5644,Dwb
5652,Dwb
5659,Dwb
5662,Dwb
5663,Dwb
5664,Dfb
5668,Dwb
5673,Dfb
5674,Dwb
5675,Dwb
5733,Dwb
5736,Dwb
5740,Dwb
5745,Dwb
5746,Dwb
5749,Dfb
5758,Dwb
5759,Dwb
5760,Dwb
5761,Dwb
5762,Dwc
5765,Dwb
5766,Dwb
5802,Dwb
5803,Dwb
6001,Dwc
6003,Dwc
6005,Dwc
6010,Dwc
6016,Dwc
6018,Dwb
6020,Dwc
6022,Dwc
6023,Dwc
6024,Dwc
6026,Dwc
6027,Dwc
6030,Dwc
6034,Dwb
6037,Dwb
6038,Dwb
6039,Dwb
6040,Dwb
6042,Dwc
6046,Dwb
6049,Dwc
6053,Dwc
6058,Dwc
6060,Dwc
6065,Dwc
6067,Dwc
6069,Dwc
6072,Dwc
6073,Dwc
6074,Dwc
6076,Dwc
6077,Dwc
6080,Dwc
6084,Dwc
6086,Dwc
6089,Dwc
6091,Dwc
6092,Dwc
6093,Dwc
6095,Dwc
6096,Dwc
6097,Dwc
6103,Dwc
6105,Dwc
6108,Dwc
6116,Dwc
6121,Dwc
6125,Dwc
6127,Dwb
6128,Dwb
6133,Dwc
6134,Dwc
6135,Dwc
6136,Dwc
6139,Dwc
6141,Dwc
6143,Dwc
6145,Dwc
6148,Dwc
6151,Dwc
6155,Dwc
6159,Dwc
6160,Dwc
6162,Dwc
6163,Dwc
6164,Dwc
6167,Dwc
6171,Dwc
6175,Dwc
6178,Dwc
6180,Dwc
6181,Dwc
6183,Dwc
6184,Dwc
6185,Dwc
6187,Dwc
6190,Dwc
6194,Dwc
6197,Dwc
6207,Dwc
6211,Dwc
6218,Dwc
6228,Dwc
6229,Dwc
6231,Dwc
6235,Dwc
6237,Dwc
6239,Dwc
6240,Dwc
6246,Dwc
6250,Dwc
6256,Dwb
6259,Dwb
6265,Dwc
6275,Dwc
6280,Dwc
6281,Dwc
6282,Dwc
6283,Dwc
6286,Dwc
6287,Dwc
6291,Dwc
6295,Dwc
6296,Dwc
6299,Dwc
6302,Dwc
6319,Dwc
6323,Dwc
6325,Dwc
6329,Dwc
6331,Dwc
6334,Dwc
6345,Dwc
6349,Dwc
6363,Dwc
6364,Dwc
6369,Dwc
6373,Dwc
6387,Dwc
6399,Dwb
6403,Dwb
6407,Dwb
6411,Dwb
6414,Dwb
6416,Dwb
6417,Dwb
6421,Dwb
6424,Dwb
6437,Dwb
6443,Dwb
6444,Dwb
6453,Dwc
6456,Dwc
6461,Dwc
6469,Dwc
6473,Dwc
6478,Dwc
6479,Dwc
6485,Dwc
6487,Dwc
6488,Dwc
6489,Dwc
6490,Dwc
6491,Dwb
6492,Dwb
6496,Dwb
6497,Dwb
6506,Dwb
6507,Dwb
6511,Dwb
6523,Dwb
6528,Dwb
6529,Dwb
6533,Dwc
6535,Dwb
6543,Dwc
6544,Dwc
6545,Dwc
6549,Dwb
6550,Dwb
6551,Dwc
6556,Dwc
6557,Dwc
6558,Dwc
6562,Dwb
6563,Dwb
6564,Dwc
6568,Dwb
6573,Dwb
6574,Dwb
70001,Dfb
70002,Dfb
70004,Dfc
70007,Dfc
70011,Dfc
70013,Dfb
70016,Dfb
70021,Dfc
70023,Dfc
70025,Dfb
70027,Dfc
7003,Dwc
70031,Dfc
70036,Dfc
7004,Dwc
70043,Dfc
70047,Dfc
70057,Dfb
7006,BSk
70061,Dfb
70066,Dfc
70067,Dfc
70069,Dfc
70070,Dfc
70072,Dfc
7008,Dfc
70085,Dfb
70087,Dfb
7009,Dfc
70091,Dfb
70094,Dfb
70096,Dfb
70098,Dfb
70101,Dfb
70102,Dfb
7011,Dfc
70117,Dfb
70118,Dfb
7012,Dfc
70120,Dfb
70121,Dfb
70126,Dfb
70129,Dfb
7013,Dwc
70135,Dfb
70139,Dfb
70147,Dfb
7015,Dwc
70150,Dfb
70151,Dfb
70152,Dfb
70153,Dfb
70156,Dfb
70158,Dfb
7016,Dwc
70163,Dfb
70165,Dfb
70167,Dfb
70169,Dfb
7017,Dwc
70175,Dfc
70176,Dfc
70177,Dfc
70180,Dfc
70182,Dfc
70184,Dfc
70197,Dfc
7020,Dfc
70200,Dfc
70203,Dfc
70205,Dfc
70206,Dfc
70207,Dfc
70209,Dfc
7021,Dwc
70211,Dfc
70212,Dfc
70213,Dfc
70214,Dfc
70215,Dfc
70217,Dfb
70219,Dfb
7022,Dwc
70221,Dfb
70227,Dfb
70230,Dfc
70231,Dfc
70238,Dfc
7024,Dwc
70242,Dfc
70246,Dfc
70248,Dfc
70250,Dfc
70252,Dfb
70258,Dfc
70267,Dfc
70270,Dfc
70271,Dfc
70273,Dfb
70274,Dfb
70275,Dfb
7028,Dfc
70281,Dfb
70284,Dfb
70288,Dfb
7029,Dwc
70291,Dfb
70292,Dfc
70293,Dfc
70295,Dfc
70298,Dfc
70299,Dfc
70302,Dfc
70309,Dfc
7031,Dwc
70311,Dfc
70313,Dfc
70325,Dfc
70328,Dfc
70329,Dfc
7033,Dfc
70331,Dfc
70332,Dfc
70334,Dfc
70336,Dfc
70339,Dfc
7034,Dwb
70340,Dfc
70345,Dfc
70348,Dfc
70351,Dfc
70356,Dfc
70358,Dfc
7036,Dwc
70361,Dfc
70362,Dfc
70363,Dfc
70366,Dfc
70374,Dfc
70376,Dfc
70377,Dfc
70378,Dfc
7038,Dwc
70381,Dfc
70382,Dfc
70384,Dfc
7039,Dwc
70390,Dfc
70393,Dfc
70394,Dfc
70395,Dfc
70396,Dfc
70399,Dfc
70401,Dfc
70403,Dfc
70408,Dfc
7041,Dwc
70410,Dfc
70414,Dfc
7042,Dwc
70420,Dfc
70421,Dfc
70425,Dfc
70427,Dfc
70429,Dfc
7043,Dwc
70432,Dfc
70436,Dfc
70442,Dfc
70444,Dfc
70452,Dfc
70458,Dfc
70459,Dfc
70463,Dfc
70466,Dfc
70468,Dfc
7047,Dwc
70471,Dfc
70486,Dfc
70487,Dfc
70494,Dfc
70497,Dfc
70499,Dfc
7050,Dwc
70505,Dfc
70509,Dfc
7051,Dwc
70512,Dfc
70514,Dfc
70517,Dfc
70522,Dfc
7053,Dwc
70530,Dfc
70531,Dfc
70533,Dfc
70540,Dfc
70542,Dfc
70549,Dfb
70557,Dfc
70559,Dfc
7056,Dwc
70566,Dfb
70567,Dfc
70569,Dfc
70570,Dfc
70574,Dfc
70575,Dfb
70576,Dfc
70579,Dfc
70583,Dfb
70584,Dfb
70586,Dfc
70587,Dfb
70589,Dfc
70596,Dfc
70597,Dfb
70598,Dfb
7060,Dwc
70601,Dfc
70605,Dfc
70609,Dfc
70611,Dfb
70614,Dfb
70615,Dfc
70616,Dfb
70617,Dfc
70618,Dfb
70619,Dfc
7062,Dwc
70620,Dfc
70621,Dfc
70623,Dfb
70624,Dfb
70625,Dfc
70626,Dfc
70627,Dfb
70628,Dfb
70629,Dfc
7063,Dwc
70630,Dfb
70631,Dfc
70632,Dfb
70633,Dfb
70634,Dfb
70635,Dfb
70636,Dfb
70637,Dfb
70638,Dfb
7064,Dwc
7066,Dwc
7070,Dwc
7072,Dwc
7074,Dwc
7076,Dwc
7079,Dwc
7080,Dwc
70801,Dfc
7082,Dwc
70827,Dfc
7084,Dwc
70842,Dfc
70844,Dfc
70847,Dfc
70850,Dfc
7087,Dwc
7091,Dwb
7093,Dwc
7096,Dwc
7098,Dwc
7099,Dwc
71001,Dfc
71004,Dfc
71010,Dfc
71018,Dfc
7102,Dwc
71024,Dfc
71025,Dfc
71035,Dfc
7104,Dwc
71044,Dfc
71046,Dfc
71060,Dfc
71066,Dfc
71067,Dfc
71068,Dfc
71072,Dfc
71077,Dfc
71078,Dfc
7108,Dwc
71085,Dfc
71086,Dfc
71090,Dfc
71092,Dfc
71095,Dfc
71096,Dfc
71097,Dfc
71098,Dfc
71104,Dfc
71105,Dfc
71109,Dfc
71117,Dfc
7112,Dwc
71126,Dfc
71131,Dfc
71134,Dfc
71136,Dfc
71139,Dfc
71140,Dfc
71141,Dfc
71143,Dfc
71146,Dfc
71150,Dfc
71153,Dfc
71162,Dfc
71165,Dfc
71168,Dfc
71175,Dfc
71179,Dfc
7118,Dwc
71185,Dfc
71186,Dfc
71188,Dfc
7119,BSk
71192,Dfc
71193,Dfc
71199,Dfc
71222,Dfc
71224,Dfc
71232,Dfc
71237,Dfc
71239,Dfc
7124,Dwc
71241,Dfc
71245,Dfc
7125,Dwc
71251,Dfc
71253,Dfc
71258,Dfc
71260,Dfc
71265,Dfc
71266,Dfc
71267,Dfc
71268,Dfc
71277,Dfc
7128,Dwc
71281,Dfc
71284,Dfc
71285,Dfc
71286,Dfc
71288,Dfc
71293,Dfc
7130,Dwc
7133,Dwc
7135,Dwc
7138,Dwc
7142,Dwc
7143,Dwc
7148,Dwc
7152,Dwc
7156,Dwc
7161,Dwc
7167,Dwc
7168,Dwc
7170,Dfc
7171,Dfc
7172,Dwc
7174,Dfc
7176,Dfc
7180,Dfc
7183,Dwb
7185,Dwc
7187,Dwc
7190,Dwc
7197,Dwc
7200,Dwc
72002,Dfb
72004,Dfb
72007,Dfb
72008,Dfb
72010,Dfb
72016,Dfb
7202,Dwc
72027,Dfb
7203,Dwc
72033,Dfb
72039,Dfb
72043,Dfb
72055,Dfb
72064,Dfb
72076,Dfb
72082,Dfb
72083,Dfb
72086,Dfb
72090,Dfb
72095,Dfb
72096,Dfb
72098,Dfb
72102,Dfb
72104,Dfb
72106,Dfb
72109,Dfb
72110,Dfb
72113,Dfb
72115,Dfb
72121,Dfb
72130,Dfb
72135,Dfb
72142,Dfb
72144,Dfb
72145,Dfb
72148,Dfb
72152,Dfb
72154,Dfb
72155,Dfb
72156,Dfb
72157,Dfb
72158,Dfb
72160,Dfb
72162,Dfb
72169,Dfb
72172,Dfb
72173,Dfb
72179,Dfb
72186,Dfb
72188,Dfb
72191,Dfb
72192,Dfb
72194,Dfb
72198,Dfb
72203,Dfb
72207,Dfb
72227,Dfb
72233,Dfb
72239,Dfb
72241,Dfb
72246,Dfb
72251,Dfb
72259,Dfb
72265,Dfb
72269,Dfb
72276,Dfb
72281,Dfb
72285,Dfb
72305,Dfb
72327,Dfb
72366,Dfb
72372,Dfb
72380,Dfb
72388,Dfb
72409,Dfb
72416,Dfb
72420,Dfb
72423,Dfb
72427,Dfb
72450,Dfb
72454,Dfb
72459,Dfb
72463,Dfb
72467,Dfb
72477,Dfb
72478,Dfb
72481,Dfb
72493,Dfb
72502,Dfb
72504,Dfb
72508,Dfb
72510,Dfb
72511,Dfb
72516,Dfb
72517,Dfb
72518,Dfb
72519,Dfb
72523,Dfb
72552,Dfb
72559,Dfb
72566,Dfb
72569,Dfb
72577,Dfb
72584,Dfb
72585,Dfb
72588,Dfb
72589,Dfb
72590,Dfb
72592,Dfb
72594,Dfb
72601,Dfb
72603,Dfb
72605,Dfb
72609,Dfb
72610,Dfb
72614,Dfb
72617,Dfb
72623,Dfb
72625,Dfb
72641,Dfb
72643,Dfb
72646,Dfb
72649,Dfb
72654,Dfb
72660,Dfb
72661,Dfb
72665,Dfb
72668,Dfb
72680,Dfb
72682,Dfb
72686,Dfb
72696,Dfb
72697,Dfb
72716,Dfb
72721,Dfb
72727,Dfb
72729,Dfb
72731,Dfb
72733,Dfb
72738,Dfc
72739,Dfb
72740,Dfb
72743,Dfb
72744,Dfb
72745,Dfb
72747,Dfb
72748,Dfb
72749,Dfb
72751,Dfb
72752,Dfb
72753,Dfb
72758,Dfb
72759,Dfb
72760,Dfb
72761,Dfb
72762,Dfb
72763,Dfb
72764,Dfb
72801,Dfb
72810,Dfb
72818,Dfb
72819,Dfb
72824,Dfb
72827,Dfb
72836,Dfb
72845,Dfb
73108,Dfb
73110,Dfb
73182,Dfb
73186,Dfb
73190,Dfb
73196,Dfb
73208,Dfb
73215,Dfb
73265,Dfb
74362,Dfb
74410,Dfb
74412,Dfb
74413,Dfb
74416,Dfb
74422,Dfb
74424,Dfb
74425,Dfb
74428,Dfb
74430,Dfb
74431,Dfb
74434,Dfb
74438,Dfb
74443,Dfb
74803,Dfb
74804,Dfb
75002,Dfb
75003,Dfb
75005,Dfb
75006,Dfb
75010,Dfb
75011,Dfb
75033,Dfb
75037,Dfb
75041,Dfb
75048,Dfb
75051,Dfb
75052,Dfb
75056,Dfb
75058,Dfb
75071,Dfb
75074,Dfb
75079,Dfb
75084,Dfb
75088,Dfb
75104,Dfb
75106,Dfb
75108,Dfb
75110,Dfb
75111,Dfb
75119,Dfb
75120,Dfb
75121,Dfb
75124,Dfb
75125,Dfb
75126,Dfb
75128,Dfb
75132,Dfb
75135,Dfb
75143,Dfb
75150,Dfb
75151,Dfb
75155,Dfb
75156,Dfb
75158,Dfb
75166,Dfb
75168,Dfb
75169,Dfb
75176,Dfb
75190,Dfb
75196,Dfb
75198,Dfb
75200,Dfb
75201,Dfb
75202,Dfb
75203,Dfb
75206,Dfb
75208,Dfb
75209,Dfc
75210,Dfb
75211,Dfb
75213,Dfb
75217,Dfb
75219,Dfb
75221,Dfb
75222,Dfb
75225,Dfb
75227,Dfb
75233,Dfb
75235,Dfb
75236,Dfb
75238,Dfb
75239,Dfb
75241,Dfb
75242,Dfb
75254,Dfb
75257,Dfb
75259,Dfb
75263,Dfb
75264,Dfb
75265,Dfb
75266,Dfb
75267,Dfb
75271,Dfb
75273,Dfb
75274,Dfb
75275,Dfb
75277,Dfb
75280,Dfb
75284,Dfb
75286,Dfb
75287,Dfb
75288,Dfb
75289,Dfb
75290,Dfb
75291,Dfb
75292,Dfb
75293,Dfb
75296,Dfb
75297,Dfb
75299,Dfb
75300,Dfb
75301,Dfb
75303,Dfb
75306,Dfb
75308,Dfb
75309,Dfb
75311,Dfb
75314,Dfb
75315,Dfb
75316,Dfb
75317,Dfb
75318,Dfb
75319,Dfb
75320,Dfb
75321,Dfb
75322,Dfb
75323,Dfb
75324,Dfb
75326,Dfb
75328,Dfb
75332,Dfb
75333,Dfb
75336,Dfb
75337,Dfb
75339,Dfb
75343,Dfb
75348,Dfb
75356,Dfb
75359,Dfb
75361,Dfb
75367,Dfb
75368,Dfb
75382,Dfb
75387,Dfb
75388,Dfb
75389,Dfb
75394,Dfb
75395,Dfb
75399,Dfb
75402,Dfb
75403,Dfb
75405,Dfb
75406,Dfb
75407,Dfb
75408,Dfb
75409,Dfb
75415,Dfb
75416,Dfb
75418,Dfb
75421,Dfb
75422,Dfb
75427,Dfb
75428,Dfb
75429,Dfb
75430,Dfb
75435,Dfb
75437,Dfb
75438,Dfb
75441,Dfb
75442,Dfb
75443,Dfb
75445,Dfb
75446,Dfb
75447,Dfb
75450,Dfb
75453,Dfb
75463,Dfb
75465,Dfb
75469,Dfb
75476,Dfb
75477,Dfb
75480,Dfb
75491,Dfb
75497,Dfb
75499,Dfb
75500,Dfb
75501,Dfb
75503,Dfb
75505,Dfb
75511,Dfb
75512,Dfb
75514,Dfb
75515,Dfb
75518,Dfb
75520,Dfb
75521,Dfb
75527,Dfb
75530,Dfb
75534,Dfb
75536,Dfb
75540,Dfb
75543,Dfb
75547,Dfb
75550,Dfb
75551,Dfb
75552,Dfb
75553,Dfb
75555,Dfb
75556,Dfb
75559,Dfb
75561,Dfb
75563,Dfb
75573,Dfb
75576,Dfb
75579,Dfb
75586,Dfb
75591,Dfb
75603,Dfb
75605,Dfb
75607,Dfb
75608,Dfb
75615,Dfb
75619,Dfb
75620,Dfb
75624,Dfb
75625,Dfb
75627,Dfb
75631,Dfb
75635,Dfb
75643,Dfb
75645,Dfb
75646,Dfb
75648,Dfb
75649,Dfb
75656,Dfb
75657,Dfb
75658,Dfb
75664,Dfb
75673,Dfb
75674,Dfb
75675,Dfb
75676,Dfb
75677,Dfb
75678,Dfb
75680,Dfb
75682,Dfb
75683,Dfb
75684,Dfb
75687,Dfb
75692,Dfb
75697,Dfb
75699,Dfb
75701,Dfb
75710,Dfb
75716,Dfb
75718,Dfb
75719,Dfb
75720,Dfb
75727,Dfb
75728,Dfb
75733,Dfb
75740,Dfb
75744,Dfb
75745,Dfb
75749,Dfb
75751,Dfb
75752,Dfb
75754,Dfb
75755,Dfb
75758,Dfb
75761,Dfb
75764,Dfb
75765,Dfb
75767,Dfb
75768,Dfb
75770,Dfb
75772,Dfb
75775,Dfb
75776,Dfb
75777,Dfb
75778,Dfb
75779,Dfb
75780,Dfb
75781,Dfb
75782,Dfb
75783,Dfb
75784,Dfb
75785,Dfb
76001,Dfb
76007,Dfb
76008,Dfb
76010,Dfb
76011,Dfc
76058,Dfb
76071,Dfc
76072,Dfc
76075,Dfb
76076,Dfb
76083,Dfc
76087,Dfc
76089,Dfc
76099,Dfc
76105,Dfc
76112,Dfc
76113,Dfc
76127,Dfc
76130,Dfc
76133,Dfc
76136,Dfb
76139,Dfb
76141,Dfb
76145,Dfb
76147,Dfb
76159,Dfb
76165,Dfb
76176,Dfb
76180,Dfb
76190,Dfb
76200,Dfb
76217,Dfb
76240,Dfb
76243,Dfb
76253,Dfb
76255,Dfb
76256,Dfb
76263,Dfb
76264,Dfb
76270,Dfb
76275,Dfb
76278,Dfb
76280,Dfb
76282,Dfb
76284,Dfb
76288,Dfb
76289,Dfb
76293,Dfb
76295,Dfb
76317,Dfb
76318,Dfb
76320,Dfb
76321,Dfb
76324,Dfb
76325,Dfb
76334,Dfb
76335,Dfb
76340,Dfb
76345,Dfb
76351,Dfb
76355,Dfb
76360,Dfb
76363,Dfb
76364,Dfb
76367,Dfb
76377,Dfb
76380,Dfb
76405,Dfb
76406,Dfb
76408,Dfb
76416,Dfb
76417,Dfb
76421,Dfb
76423,Dfb
76454,Dfb
76456,Dfb
76461,Dfb
76462,Dfb
76466,Dfb
76470,Dfc
76471,Dfc
76482,Dfb
76483,Dfb
76486,Dfb
76489,Dfb
76490,Dfb
76491,Dfb
76492,Dfb
76494,Dfb
76495,Dfb
76499,Dfb
76500,Dfb
76504,Dfb
76512,Dfb
76518,Dfb
76519,Dfb
76520,Dfb
76533,Dfb
76537,Dfb
76550,Dfb
76551,Dfb
76553,Dfb
76554,Dfb
76556,Dfb
76557,Dfb
76566,Dfb
76574,Dfb
76584,Dfb
76593,Dfb
76594,Dfb
76596,Dfb
76597,Dfb
76601,Dfb
76602,Dfb
76603,Dfb
76611,Dfb
76614,Dfb
76619,Dfb
76620,Dfb
76622,Dfb
76627,Dfb
76628,Dfb
76634,Dfb
76637,Dfb
76638,Dfb
76640,Dfb
76642,Dfb
76644,Dfb
76646,Dfb
76648,Dfb
76649,Dfb
76650,Dfb
76651,Dfb
76652,Dfb
76653,Dfb
76654,Dfb
76655,Dfb
76656,Dfb
76661,Dfb
76663,Dfc
76664,Dfb
76665,Dfb
76668,Dfb
76669,Dfb
76671,Dfb
76672,Dfb
76673,Dfb
76674,Dfb
76675,Dfb
76676,Dfb
76685,Dfc
76686,Dfb
76687,Dfb
76688,Dfb
76690,Dfc
76691,Dfb
76692,Dfb
76695,Dfb
76696,Dfb
76697,Dfb
76699,Dfb
76700,Dfb
76701,Dfb
76702,Dfb
76703,Dfb
76704,Dfb
76705,Dfb
76706,Dfb
76707,Dfb
76708,Dfb
76709,Dfb
76710,Dfb
76711,Dfb
76712,Dfb
76713,Dfb
77087,Dfb
77090,Dfb
77094,Dfb
77102,Dfa
77106,BSk
77112,Dfb
77115,Dfb
77116,Dfb
77124,Dfb
77130,Dfb
77132,Dfb
77140,Dfb
77146,Dfb
77152,Dfb
77156,Dfb
77159,Dfb
77164,Dfb
77166,Dfb
77174,Dfb
77179,Dfb
77189,Dfb
77193,Dfb
77197,Dfb
77201,Dfb
77209,Dfb
77210,Dfb
77212,Dfb
77217,Dfb
77223,Dfb
77231,Dfb
77242,Dfb
77245,Dfa
77246,Dfa
77248,Dfa
77250,Dfa
77255,Dfa
77259,Dfa
77260,Dfa
77266,Dfa
77270,Dfa
77276,Dfa
77285,Dfb
77288,Dfb
77292,Dfb
77298,Dfa
77311,Dfa
77327,Dfb
77329,Dfb
77336,Dfa
77339,Dfa
77340,Dfa
77348,Dfa
77362,Dfa
77370,Dfa
77385,BSk
77386,BSk
77389,BSk
77395,BSk
77397,Dfa
77400,BSk
77407,Dfb
77409,Dfa
77801,Dfb
77802,BSk
77803,BSk
77807,Dfb
77808,Dfb
77813,BSk
77824,BSk
77826,BWk
77832,BWk
77835,BWk
77847,BWk
77848,BSk
77856,BWk
77863,BSk
77871,BSk
77874,BSk
77877,BSk
77881,BSk
77886,BSk
77890,BSk
78001,Dfb
78002,Dfb
78004,Dfb
78008,Dfb
78011,Dfb
78012,Dfb
78013,Dfb
78016,Dfa
78017,Dfa
78021,Dfa
78040,Dfa
78050,Dfb
78052,Dfb
78053,Dfb
78054,Dfb
78055,Dfb
78067,Dfb
78073,Dfb
78076,Dfb
78078,Dfb
78081,Dfb
78082,Dfb
78087,Dfb
78092,Dfb
78106,Dfa
78109,Dfb
78111,Dfa
78112,Dfa
78116,Dfa
78118,Dfa
78125,Dfa
78130,Dfa
78132,Dfa
78135,Dfb
78138,Dfb
78141,Dfb
78142,Dfb
78144,Dfb
78146,Dfa
78152,Dfa
78160,Dfa
78163,Dfb
78164,Dfb
78165,Dfb
78170,Dfb
78173,Dfa
78182,Dfa
78188,Dfa
78191,Dfa
78196,Dfb
78200,Dfa
78202,Dfa
78205,Dfb
78218,Dfa
78224,Dfa
78225,Dfa
78229,Dfa
78231,Dfa
78234,Dfa
78235,Dfa
78252,Dfa
78261,Dfa
78275,Dfb
78277,Dfb
78301,Dfa
78309,Dfa
78324,Dfa
78326,Dfa
78331,Dfa
78334,Dfa
78343,Dfb
78345,Dfb
78391,Dfb
78393,Dfb
78394,Dfb
78404,Dfb
78410,Dfa
78413,Dfa
78421,Dfa
78427,Dfa
78430,Dfa
78434,Dfa
78436,Dfa
78439,Dfa
78443,Dfa
78445,Dfa
78446,Dfa
78450,Dfa
78451,Dfa
78453,Dfa
78456,Dfa
78458,Dfa
78468,Dfa
78471,Dfa
78474,Dfa
78484,Dfa
78499,Dfa
78501,Dfa
78502,Dfa
78503,Dfa
78504,Dfa
78507,Dfa
78509,Dfa
78510,Dfa
78512,Dfa
78513,Dfa
78515,Dfa
78519,Dfa
78529,Dfa
78563,Dfa
78568,Dfa
78590,Dfa
78596,Dfa
78611,Dfb
78613,Dfa
78614,Dfb
78620,Dfa
78623,Dfa
78638,Dfa
78801,Dfa
78803,Dfa
78805,Dfa
78808,Dfa
78810,Dfa
78815,Dfa
78822,Dfa
78826,Dfa
79001,Dfb
79006,Dfb
79008,Dfb
79011,Dfb
79051,Dfb
79062,Dfb
79244,Dfb
79261,Dfb
79315,Dfb
79324,Dfb
79335,Dfb
80110,Dfb
80113,Dfb
80118,Dfb
80120,Dfb
8013,Dwc
80148,Dfb
80157,Dfb
80160,Dfb
80165,Dfb
80172,Dfb
80174,Dfb
8018,Dwc
8019,Dwc
80196,Dfb
80197,Dfb
80198,Dfb
80204,Dfb
80218,Dfb
80220,Dfb
80222,Dfb
80224,Dfb
80230,Dfb
80232,Dfb
80236,Dfb
8029,Dwc
8030,Dwc
80405,Dfb
80424,Dfb
80442,Dfb
8059,Dwc
80592,Dfb
8078,Dwc
8082,Dwc
8084,Dwc
8086,Dwc
8088,Dwc
8091,Dwc
8095,Dwc
8097,Dwc
8099,Dwc
8109,Dwc
8118,Dwc
8120,Dwc
8129,Dwc
8134,Dwc
8139,Dwc
8145,Dwc
8147,Dwc
8150,Dwc
8155,Dwc
8156,Dwc
81562,Cfa
81565,Cfa
81580,Cfa
81581,Cfa
81592,Cfa
81593,Cfa
81597,Cfa
81600,Cfa
81602,Cfa
81604,Cfa
8161,Dwc
81616,Cfa
8162,Dwc
81640,Cfa
81648,Cfb
81674,Cfa
81677,Cfb
8168,Dwc
81686,Cfa
81691,Cfa
81692,Cfa
81693,Cfa
81694,Cfa
81697,Cfa
81717,Cfa
8172,Dwc
81724,Dfb
81730,Cfa
81737,Dfb
81741,Dfa
81745,Dfb
81748,Cfa
81750,Cfa
81753,Cfa
81757,Cfa
81767,Cfa
8177,Dwc
81772,Cfa
8182,Dwc
8183,Dwc
8184,Dwc
8186,Dwc
8188,Dwc
8194,Dwc
8198,Dwc
82001,Cfa
82005,Cfa
82009,Cfa
82010,Cfa
82013,Cfa
82015,Cfa
82023,Cfa
82025,Cfb
82026,Dfb
8203,Dwc
82033,Cfa
82034,Cfb
82039,Cfb
8204,Dwc
82046,Cfa
8205,Dwc
82050,Dfb
82060,Dfb
8207,Dwc
82071,Cfa
8209,Dwc
8217,Dwc
8219,Dwc
8230,Dwc
8233,Dwc
82370,Cfa
82377,Dfb
8240,Dwc
8241,Dwc
82427,Cfb
82428,Cfa
82429,Cfa
82430,Cfa
82431,Dfb
82432,Dfb
82433,Cfa
8246,Dwc
8249,Dfc
8251,Dfc
8254,Dfc
8256,Dfc
8281,Dfc
8288,Dfc
8289,Dfc
8290,Dfc
8291,Dfc
8296,Dfc
8299,Dwc
8300,Dwc
83026,Dfa
83028,Dfa
83035,Dfa
83036,Dfa
8304,Dwc
83040,Dfa
83045,Dfa
83048,Dfa
83050,Dfa
83056,Dfa
8306,Dwc
83060,Dfa
83061,Dfa
83063,Dfa
83068,Dfa
8307,Dwc
83074,Dfa
83083,Dfa
8309,Dwc
83110,Dfa
8313,Dfc
83137,Dfc
83150,Dfb
83153,Dfb
83157,Dfb
83161,Dfb
8317,Dwc
83174,Dfb
83183,Dfb
83202,Dfc
83207,Dfc
8321,Dfc
83214,Dfc
8323,Dfc
83236,Dfc
83249,Dfc
8326,Dwc
83260,Dfa
83262,Dfc
83265,Dfc
83266,Dfc
8328,Dwc
83280,Dfb
83286,Dfb
83288,Dfb
8329,Dwc
83299,Dfb
83307,Dfb
83309,Dfb
8331,Dfc
83314,Dfb
83318,Dfb
83323,Dfb
83332,Dfa
83333,Dfb
83335,Dfa
83338,Dfa
8334,Dfc
83340,Dfb
83348,Dfb
83350,Dfb
83369,Dfb
83372,Dfb
83373,Dfb
83374,Dfa
83378,Dfb
83385,Cfa
83387,Cfa
8339,Dwc
83392,Cfa
83395,Cfa
8340,Dwc
83409,Cfa
83411,Cfa
83415,Cfa
83437,Cfa
83441,Cfa
83454,Dfa
83456,Dfb
83457,Cfa
83459,Dfb
83460,Cfa
8347,Dfc
83477,Dfa
83478,Dfa
83481,Cfa
83482,Dfc
83484,Dfc
83486,Dfb
83487,Dfb
83488,Dfc
83489,Dfb
83490,Dfc
83491,Dfc
83492,Dfb
83493,Dfc
83494,Dfb
83495,Dfb
83496,Cfa
83497,Cfa
83498,Dfb
8355,Dfc
8356,Dfc
8359,Dfc
8361,Dfc
8364,Dfc
8367,Dwc
8374,Dfc
8375,Dfc
8376,Dwc
8379,Dwc
8380,Dwc
83801,Dfb
83809,Cfa
83813,Cfa
83818,Dfb
83825,Dfb
83829,Dfb
83833,Cfa
8384,Dwc
83840,Cfa
83841,Cfa
83843,Cfa
8388,Dfc
8389,Dfc
8397,Dwc
8398,Dwc
84004,BSk
84008,Dfa
84009,Dfa
84011,Dfa
84019,Dfa
84026,Dfb
84029,Dfb
8403,Dfc
84031,Dfb
84034,Dfb
84037,Dfa
84039,Dfa
84042,Dfb
84043,Dfb
84064,Dfa
84078,Dfa
84091,Dfa
8410,Dwc
84108,Dfc
8411,Dwc
84113,Dfb
84119,Dfb
8412,Dwc
84122,Dfb
84127,Dfb
84129,Dfb
8413,Dfc
84130,Dfb
84133,Dfb
84134,Dfb
8414,Dwc
84157,Dfc
84165,Dfc
84170,Dfc
84173,Dfb
84179,Dfb
84185,Dfc
84186,Dfc
84192,Dfc
84200,Dfb
84213,ET
84215,Dfc
84220,Dfc
84233,Dfc
84239,Dfc
84243,Dfc
84245,Dfb
84251,Dfb
84254,Dfb
84256,Dfb
84259,Dfb
84261,Dfc
84264,Dfb
84270,Dfb
84272,Dfb
84277,Dfc
84279,Dfc
84281,Dfb
84284,Dfb
84286,Dfb
84291,Dfb
84295,Dfb
84299,Dfc
84302,Dfb
84311,Dfc
84312,Dfc
84314,Dfb
84315,Dfb
84320,Dfc
84321,Dfc
84333,Dfb
84336,Dfb
84342,Dfc
84343,Dfc
84344,Dfc
84346,Dfc
84347,Dfc
84348,Dfc
84351,Dfb
84354,Dfb
84397,Dfb
84398,Dfb
84399,Dfb
84400,Dfb
84401,Dfb
84415,Dfb
84440,Dfc
84446,Dfb
84447,Dfc
84448,Dfc
84449,Dfc
84452,Dfc
84453,Dfc
84454,Dfc
84457,Dfb
84460,Dfb
84461,Dfb
84462,Dfb
84801,Dfb
84803,Dfb
84804,BSk
84805,Dfb
84806,BSk
84822,Dfb
84824,Dfb
84827,Dfb
8582,Dfc
8982,Dwc
9002,Dfc
9022,Dwc
9024,Dwc
9026,Dwc
9030,Dfc
9048,Dfc
9049,Dfc
9053,Dfc
9055,Dfc
9061,Dfc
9063,Dfc
9071,Dfc
9074,Dfc
9079,Dfc
9082,Dfc
9085,Dfc
9087,Dfc
9090,Dfc
9092,Dfc
9094,Dfc
9095,Dfc
9096,Dfc
9112,Dfc
9115,Dfc
9116,Dfc
9117,Dwc
9122,Dfc
9124,Dwc
9125,Dwc
9127,Dwc
9130,Dwc
9134,Dwc
9135,Dwc
9138,Dwc
9156,Dwc
9164,Dfc
9166,Dfc
9169,Dfc
9183,Dfc
9189,Dfc
9191,Dfc
9194,Dfc
9199,Dfc
9204,Dfb
9207,Dfc
9213,Dfc
9214,Dfc
9215,Dfc
9216,Dfc
9217,Dfc
9222,Dwc
9223,Dwc
9226,Dfc
9235,Dwc
9237,Dwc
9252,Dfc
9253,Dfc
9256,Dfc
9264,Dfc
9278,Dfc
9279,Dfc
9282,Dfc
9283,Dfc
9285,Dfc
9286,Dfc
9290,Dfc
9294,Dfc
9297,Dwc
9298,Dwc
9301,Dwc
9302,Dfc
9304,Dfc
9306,Dfc
9309,Dfc
9312,Dfc
9313,Dfc
9316,Dfc
9318,Dfc
9319,Dfc
9323,Dfc
9324,Dfc
9326,Dfc
9329,Dfc
9331,Dfc
9333,Dfc
9335,Dfc
9337,Dfc
9340,Dfc
9341,Dfc
9342,Dfc
9343,Dfc
9344,Dfc
9345,Dfc
9355,Dfc
9356,Dfc
9358,Dfc
9370,Dfc
9371,Dfc
9372,Dfc
9374,Dfc
9378,Dfc
9380,Dfc
9383,Dfc
9384,Dfc
9385,Dfc
9386,Dfc
9387,Dfc
9388,Dfc
9389,Dfc
9390,Dfc
9392,Dfc
9393,Dfc
9396,Dfc
9397,Dfc
9401,Dfc
9403,Dfc
9404,Dfc
9405,Dfc
9406,Dfc
9407,Dfc
9408,Dfc
9410,Dfc
9413,Dfc
9414,Dfc
9415,Dfc
9416,Dfc
9417,Dfc
9419,Dfc
9420,Dfc
9421,Dfc
9422,Dfc
9425,Dfc
9427,Dfc
9429,Dfc
9431,Dfc
9432,Dfc
9436,Dfc
9445,Dfc
9455,Dfc
9498,Dfc
9499,Dfc
9506,Dfc
9511,Dfc
9513,Dfc
9515,Dfc
9518,Dfc
9520,Dfc
9521,Dfc
9522,Dwc
9523,Dfc
9546,Dfc
9547,Dfc
9550,Dfc
9560,Dfc
9561,Dwc
9563,Dfc
9566,Dfc
9568,Dfc
9570,Dfc
9573,Dfc
9574,Dfc
9575,Dfc
9576,Dfc
9577,Dfc
9578,Dfc
9579,Dwc
9588,Dfc
9600,Dfc
9601,Dfc
9801,Dfc
9802,Dfc
9803,Dfc
9804,Dfc
9805,Dfc
9816,Dfc
9978,Dwc
