gauge_id,n_reverted,n_from_gap_fill,n_from_zero_replacement,n_negative
10127,1,1,0,0
1053,6,0,6,0
1102,5,0,5,3
1104,6,0,6,0
1107,2,0,2,0
1229,10,0,10,10
12613,15,0,15,0
1342,4,0,4,0
1368,6,0,6,0
1425,6,0,6,0
1619,45,0,45,0
2032,36,0,36,0
2065,41,3,38,36
2222,84,0,84,0
2258,17,17,0,0
3037,1,1,0,0
3095,89,0,89,1
3119,61,0,61,0
3161,5,5,0,5
3214,84,0,84,84
3220,2,2,0,0
3245,2,0,2,0
3246,74,0,74,45
3250,78,0,78,53
3254,47,0,47,4
3257,2,2,0,0
3258,80,0,80,32
3259,44,0,44,0
3261,2,0,2,0
3283,90,0,90,0
3357,90,0,90,0
3360,75,0,75,30
3388,2,0,2,0
3398,75,0,75,0
3421,6,0,6,0
3431,90,0,90,0
3442,10,0,10,0
3510,72,0,72,49
3516,64,0,64,51
3520,44,0,44,15
3582,3,0,3,0
3599,90,0,90,76
3602,1,0,1,0
3809,3,0,3,2
5472,6,0,6,0
6058,4,0,4,0
6060,47,0,47,0
6091,1,0,1,0
6105,79,0,79,65
6121,32,0,32,0
6127,3,0,3,0
6128,90,0,90,0
6151,24,0,24,12
6155,96,0,96,80
6162,90,0,90,60
6163,70,0,70,15
6164,45,0,45,45
6167,72,0,72,0
6175,30,0,30,0
6178,90,0,90,48
6180,80,0,80,0
6190,17,0,17,0
6197,64,0,64,64
6207,65,0,65,31
6228,1,0,1,0
6237,30,0,30,3
6302,3,3,0,0
6323,94,0,94,0
6329,84,0,84,29
6363,2,2,0,2
6444,90,0,90,28
6529,24,0,24,6
6568,90,0,90,1
70362,17,17,0,1
70363,7,7,0,0
71068,6,6,0,0
7108,45,0,45,0
71139,8,8,0,0
7119,5,0,5,0
7135,5,0,5,4
7190,96,0,96,0
72002,4,4,0,0
78810,1,1,0,1
81686,70,0,70,0
81691,22,0,22,0
81692,134,0,134,0
84461,2,2,0,0
84805,4,4,0,0
9156,1,1,0,0
