center,median,q25,q75,n,ci_lo,ci_hi,panel
2.4995,0.445896,0.246772,0.789467,793,0.391934475,0.494136,A_winter_flow_fraction_vs_permafrost
7.5,0.289995,0.164588,0.377794,41,0.2385,0.319755,A_winter_flow_fraction_vs_permafrost
15.0,0.2542945,0.17472025,0.37596799999999997,84,0.2092342375,0.287616,A_winter_flow_fraction_vs_permafrost
25.0,0.26170950000000004,0.18274175,0.36261725,44,0.2230520375,0.323126,A_winter_flow_fraction_vs_permafrost
40.0,0.1961095,0.1232795,0.308074,70,0.156311,0.231508,A_winter_flow_fraction_vs_permafrost
60.0,0.195523,0.14125425,0.253061,64,0.17255,0.21737,A_winter_flow_fraction_vs_permafrost
85.0,0.1366045,0.09182665000000001,0.198391,46,0.115806,0.15747499999999998,A_winter_flow_fraction_vs_permafrost
2.4995,0.537176,0.457736,0.629428,793,,,B_bfi_vs_permafrost
7.5,0.579599,0.528124,0.64632,41,,,B_bfi_vs_permafrost
15.0,0.6073715,0.5377915,0.6644745,84,,,B_bfi_vs_permafrost
25.0,0.6379064999999999,0.57475975,0.69127725,44,,,B_bfi_vs_permafrost
40.0,0.640427,0.58119175,0.68343975,70,,,B_bfi_vs_permafrost
60.0,0.6061624999999999,0.5637145,0.64881475,64,,,B_bfi_vs_permafrost
85.0,0.5462670000000001,0.46784349999999997,0.62174575,46,,,B_bfi_vs_permafrost
12.4995,202.667,173.733,232.6,85,,,C_half_flow_date_vs_snow
32.5,194.4145,185.38325,225.43349999999998,240,,,C_half_flow_date_vs_snow
45.0,207.467,197.667,225.4,333,,,C_half_flow_date_vs_snow
55.0,221.6,211.45,237.767,351,,,C_half_flow_date_vs_snow
80.0,240.786,229.2,252.467,133,,,C_half_flow_date_vs_snow
